id,name,slug,price,compare_price,description,sku,category,product_type,availability,image_url,visible,ribbon,url
80a0dbbc-b0de-17fd-81d1-0981a57817b9,Crafting a Brand Strategy Framework,crafting-a-brand-strategy-framework,$25.00,,"Elevate your business with our exclusive ""Crafting A Brand Strategy"" framework, a comprehensive, instant-download resource crafted specifically for ambitious business owners. This guide is more than just a worksheet; it's a roadmap to defining and refining your brand's identity. Key Features: In-Depth Framework: Step-by-step instructions guide you through the process of crafting a unique and powerful brand strategy. Real-World Case Studies: Learn from the success stories of well-known businesses. Understand what works and how to apply these lessons to your brand. Interactive Exercises: Engaging activities and thought-provoking questions designed to challenge your understanding and push your brand to new heights. Comprehensive Definitions: Clear and concise explanations of key branding terms, ensuring you have the knowledge to make informed decisions. Strategic Questions and Examples: These elements are woven throughout the guide to stimulate your thinking and help apply concepts to your business. Benefits: Build a Memorable Brand: Learn how to create a brand that resonates with your target audience and stands out in the market. Clarity and Direction: This guide provides clarity on the branding process, helping you to define your brand's vision, mission, and values. Empower Your Decision-Making: With this knowledge, you'll be equipped to make strategic decisions that align with your brand's identity. Drive Business Growth: A strong brand strategy is a foundation for business success. Propel your business to the next level with a clear, cohesive brand identity. Perfect For: Business owners looking to carve out a unique space in the market, start-ups seeking to establish a strong brand from the beginning, or established businesses aiming to refresh and revitalize their brand. Download this ""Crafting A Brand Strategy"" framework today and begin your journey to crafting a brand that is not only unique and memorable but also deeply connected to your target audience.",,All Products,digital,In Stock,"https://static.wixstatic.com/media/9bae33_1c88d7e6c2a3484599ca25119334f123~mv2.jpg/v1/fit/w_1080,h_923,q_90/file.jpg",True,Instant Download,https://viktord71.wixsite.com/goldie-c/product-page/crafting-a-brand-strategy-framework
452c4fae-e234-4f0c-a7c4-861e997327d0,Self-Watering Terracotta Pot,self-watering-terracotta-pot,$28.00,,"""Ollas"" is a traditional and natural way to save water, save time, and cultivate your plants better. Bury it, fill it with water, and watch your plants grow! It's a porous terracotta container that is buried in the pot and filled with water. Moisture slowly seeps through the terracotta walls to water the plants directly from the roots. Over time, the roots attach to the outside of the pot and extract water when they need it. Your plants will absorb just what they need, neither more nor less. Super easy! Made in Spain.",olla-auto-riego-de-terracota618981460,All Products,physical,In Stock (3),"https://static.wixstatic.com/media/9bae33_74db1266bd0f457fa6c623f6dd4d966a~mv2.jpg/v1/fit/w_1080,h_1350,q_90/file.jpg",True,,https://viktord71.wixsite.com/goldie-c/product-page/self-watering-terracotta-pot
d2fcf6aa-eb05-4ba5-a670-c86d7238a989,Ficus Lyrata 'Fiddle Leaf Fig',ficus-lyrata-fiddle-leaf-fig,$24.00,,"Botanical Name : Ficus lyrata Common Name(s) : Fiddle-leaf Fig Description : Native to tropical western Africa, Ficus lyrata, commonly known as the fiddle-leaf fig, has very large green leaves with a leather-like texture. Although Ficus lyrata grows naturally in lowland tropical forests it can thrive in a large range of environments. Place in bright indirect sunlight, on the ground where it can grow up to 6' tall. Keep soil moist. Toxic to pets if ingested.",ficus-lyrata-fiddle-leaf-fig-i1575793860,All Products,physical,In Stock (26),"https://static.wixstatic.com/media/9bae33_0450c94c8cb546279a3cf84d1de029f6~mv2.jpg/v1/fit/w_1800,h_1800,q_90/file.jpg",True,,https://viktord71.wixsite.com/goldie-c/product-page/ficus-lyrata-fiddle-leaf-fig
3250194d-0809-4167-b196-464a4e86c9cb,Bird's Nest 'Nidus' Fern,bird-s-nest-nidus-fern,$32.00,,"Botanical Name : Asplenium nidus Common Name(s) : Bird's-Nest Nidus Description : Native to the tropical regions of Asia and east Africa, Asplenium Nidus has large, light green, often crinkled leaves. This tropical plant prefers ""rainforest"" conditions in partial shade or indirect sunlight, and high humidity. With the proper environment and attentive care, leaves can grow up to 5 ft long.",,Plants,physical,Out of Stock,"https://static.wixstatic.com/media/9bae33_92a86dc2b47d451f8c4956ad2045a293~mv2.jpg/v1/fit/w_1800,h_1800,q_90/file.jpg",True,,https://viktord71.wixsite.com/goldie-c/product-page/bird-s-nest-nidus-fern
98172971-7df8-4183-9544-b4ff4e0591a7,Peperomia 'Marble',peperomia-marble,$16.00,,"Botanical Name : Peperomia Common Names : Marble Peperomia, Radiator Plant Description : The Peperomia is a perennial epiphyte native to the tropical regions of Central and South America. It's short and sturdy stems wield thick, circular leaves which are a deep jade color and retains most of its water. The Peperomia is very easy to care for and requires similar care habits to most succulents making it a great addition to any desk or shelf.",,Plants,physical,In Stock (100),"https://static.wixstatic.com/media/9bae33_64c2cf7fb6be46b99435a0fe7d4d1dc6~mv2.jpg/v1/fit/w_1800,h_1800,q_90/file.jpg",True,,https://viktord71.wixsite.com/goldie-c/product-page/peperomia-marble
08e8ecc5-6bf3-4358-a54a-3acdd99ea873,Jade Succulent,jade-succulent,$18.00,,"Botanical Name : Crassula ovata Common Names : Jade succulent, Money Plant Description : The crassula ovata is an evergreen succulent native to South Africa. It has fascinating green finger-like leaves with a red circle on the tips and can produce small pinkish-white star-shaped flowers during late fall and early winter.",jade-succulent-4-pots439711360,Plants,physical,In Stock (100),"https://static.wixstatic.com/media/9bae33_911039ee55154387926da4dba7a174f2~mv2.jpg/v1/fit/w_1800,h_1800,q_90/file.jpg",True,,https://viktord71.wixsite.com/goldie-c/product-page/jade-succulent
b093e7e1-b232-4e53-84a9-8479e5697ffd,Bubble Handle Mug,retro-ceramic-mug-set,$51.83,,Origin: CN(Origin) Material: Ceramic Type: Coffee Mugs Style: Korean Accessories: With None Shape: Handgrip Specification: 1 Drinkware Type: Mugs Feature: Not Inverted,,"Kitchen, Featured Items, Glassware, housewarming",physical,In Stock (263),"https://static.wixstatic.com/media/9bae33_52e9ad4a6241492db2f9ee7fa8e69e38~mv2.jpg/v1/fit/w_800,h_800,q_90/file.jpg",True,,https://viktord71.wixsite.com/goldie-c/product-page/retro-ceramic-mug-set
8fc6692d-43d8-4df7-828d-09c092280147,Abstract Glass Mug,abstract-glass-mug,$23.00,,Origin: CN(Origin) Shape: Round Material: Glass Drinkware Type: Glass,,"Kitchen, Glassware, housewarming",physical,In Stock (4082),"https://static.wixstatic.com/media/9bae33_9c40362ffa864354a90fac38319c23a6~mv2.jpg/v1/fit/w_800,h_800,q_90/file.jpg",True,,https://viktord71.wixsite.com/goldie-c/product-page/abstract-glass-mug
cc7ae11e-ab57-48c5-9650-fe43cad33e4c,Retro Ceramic Vase,retro-vase-set,$65.97,,"Add some texture to your favorite blooms with this simple, neutral vase. Handmade, with round textures. Handmade and shipped within 2-4 weeks.",,"Featured Items, housewarming",physical,In Stock (1266),"https://static.wixstatic.com/media/9bae33_d48ac61daeb54b08bbcc63eeb8bdec0b~mv2.jpg/v1/fit/w_800,h_800,q_90/file.jpg",True,,https://viktord71.wixsite.com/goldie-c/product-page/retro-vase-set
ba4fca5c-776d-47f5-b14c-3eb788fee788,Retro Glass Mug Set,retro-glass-mug-set,$38.00,,"High borosilicate heat-resistant glass, durable and heat-resistant. This highly hygienic, non-porous glass will never retain flavors, odors, or stains. You fully experience your beverage – and nothing else. Ultra clear glass coffee cups made of lead-free high quality borosilicate-glass, fridge safe. A perfect way to enjoy your cup of tea or coffee Features: Product: Cup and saucer Material: glass Size: 13*8.5*6.35cm",,Glassware,physical,In Stock (7733),"https://static.wixstatic.com/media/9bae33_f3753e43b17a4269ad7aece95ebaf5be~mv2.jpg/v1/fit/w_750,h_1000,q_90/file.jpg",True,,https://viktord71.wixsite.com/goldie-c/product-page/retro-glass-mug-set
1b0e3ad4-66e5-4ee2-8e0f-23d16ea07d26,Crystal Glass Set - Gold,crystal-glass-set-gold,$82.00,,"The vertical ripples and gold rim add a strong and sophisticated look, and the varied geometric shapes create dynamic and energy between the glasses and function as a stackable design element. Pair them with the matching carafe for a stylish set at breakfast, lunch or dinner. Carafe: 1000 ML Cup: 210 ML",crystal-glass-set394626198,"Kitchen, Glassware, housewarming",physical,In Stock (82),"https://static.wixstatic.com/media/9bae33_a3c2a7e0cf674597b6af70dcda8d85ba~mv2.jpg/v1/fit/w_800,h_800,q_90/file.jpg",True,,https://viktord71.wixsite.com/goldie-c/product-page/crystal-glass-set-gold
2aef25a9-af69-48d5-be27-d2151d9a0be0,Mushroom Novelty Glass,mushroom-novelty-glass,$22.00,,Beautiful handmade mushroom pattern cup. large capacity with heat insulation and handle for comfortable drinking. Capacity: 450ML,mushroom-novelty-glass-heat-re1367941481,Glassware,physical,In Stock (831),"https://static.wixstatic.com/media/9bae33_2248a9f62a604728ab1205f181aa30a5~mv2.jpg/v1/fit/w_800,h_800,q_90/file.jpg",True,,https://viktord71.wixsite.com/goldie-c/product-page/mushroom-novelty-glass
7bab5d20-79a9-4093-9e6f-729d8744542d,Retro Wavy Mug,retro-wavy-mug,$32.00,,"Our retro inspired mugs have a soft-light stained-glass finish and a perfectly balanced ergonomic handle. Enjoy your favorite cup of tea, coffee, chocolate, spiced wine, or even cocktails in colorful style. Available in 8 unique colors. Pick your favorite or mix and match for a unique, eclectic display. Straws not included. Capacity: 300ml",,"Kitchen, Glassware",physical,In Stock (7877),"https://static.wixstatic.com/media/9bae33_72e1e9cc7c5d4a4e8f2a72907ab51394~mv2.jpg/v1/fit/w_800,h_800,q_90/file.jpg",True,,https://viktord71.wixsite.com/goldie-c/product-page/retro-wavy-mug
d13d242c-82b6-4ce2-847f-19c1671bc9e6,Bubble Drink Glass Set of 2,bubble-drink-glass,$42.00,,Origin: CN(Origin) Shape: Round Certification: CIQ Quantity: 1 Material: Glass Glass Type: Cocktail Glass Feature: Eco-Friendly Drinkware Type: Glass Model Number: Cocktail Glass Cup,bubble-drink-glass1116585790,"Kitchen, Glassware",physical,In Stock (1053),"https://static.wixstatic.com/media/9bae33_cfa0dd978e4346ea9511cee9ab67b450~mv2.jpg/v1/fit/w_800,h_800,q_90/file.jpg",True,,https://viktord71.wixsite.com/goldie-c/product-page/bubble-drink-glass
88ce2a49-934d-4364-9e9a-3d5f111698e1,Disco Ball Planter,disco-ball-planter,$40.00,,"Give your home something to smile about with a true touch of retro style that will add the unique finishing touch you’ve been looking for. Fill it, hang it, and then stand back and admire it as the flawless finish catches the light from every angle and gets everyone in the mood. Just what you want when it’s time to breathe new life into your décor with nothing more than the click of a button. - Add some disco style to any room in the house and dance the night away like never before - Treat your home to something a little different and get ready for your friends to ask you where you found it - Comes directly to your door in retro packing that’s sure to catch the eye from the moment it arrives - Quick and easy to install and just the right size for a whole variety of your favorite houseplants Chain comes detached to prevent damage during shipping. -- 4” Plant hanger is 18” top to bottom. The chain itself is 15” The opening is 2 1/2” - 6” Plant hanger is 20” top to bottom. The chain itself is 15” The opening is 3 1/2” - 8” Plant hanger is 25” top to bottom. The chain itself is 19” The opening is 5” - 12"" Plant hanger is 30"" top to bottom. The chain itself is 20"" The opening is 7""",,"Featured Items, Plants, housewarming",physical,In Stock (1309),"https://static.wixstatic.com/media/9bae33_f85fa7a03ede499fa1519a0c327394db~mv2.jpg/v1/fit/w_1600,h_1600,q_90/file.jpg",True,,https://viktord71.wixsite.com/goldie-c/product-page/disco-ball-planter
92b545e5-7470-4158-86d8-9088bf899d8d,Mushroom Self Watering Glass,mushroom-self-watering-glass,$29.00,,Mushroom Water Feeder Automatic Self Watering Devices,,Plants,physical,In Stock (500),"https://static.wixstatic.com/media/9bae33_94f2caf83a214f148a5f240c0837b18f~mv2.jpg/v1/fit/w_540,h_540,q_90/file.jpg",True,,https://viktord71.wixsite.com/goldie-c/product-page/mushroom-self-watering-glass
3900fbcb-3b70-4e9e-bcc1-14ef7d6a2e02,Linen Sheets,linen-sheets,$22.00,,"Experience rich, beautifully scented notes of cotton blossom, linen, ozone, and powder. Crafted from a blend of soy and coconut wax, each candle is housed in a reusable glass jar, complete with a cotton wick, providing a slow burn that emits no soot or smoke.",linen-sheets1128650237,"Candles, New Candles, housewarming",physical,Out of Stock,"https://static.wixstatic.com/media/9bae33_59295fc2d864463fa2c51fb314e89fa1~mv2.jpg/v1/fit/w_2048,h_2048,q_90/file.jpg",True,,https://viktord71.wixsite.com/goldie-c/product-page/linen-sheets
c3f0335d-7b53-43e0-b86f-eec4c94e80b1,Cranberry Sparkling Wine,cranberry-sparkling-wine,$22.00,,"Experience rich, beautifully scented notes of citrus, cranberry, champagne, and praline. Crafted from a blend of soy and coconut wax, each candle is housed in a reusable glass jar, complete with a cotton wick, providing a slow burn that emits no soot or smoke.",cranberry-sparkling-wine858914671,"Candles, New Candles",physical,Out of Stock,"https://static.wixstatic.com/media/9bae33_f4d71d0e002740dd80082cc2d702faf7~mv2.jpg/v1/fit/w_2048,h_2048,q_90/file.jpg",True,,https://viktord71.wixsite.com/goldie-c/product-page/cranberry-sparkling-wine
2faeacfe-44fd-4d22-8b5d-e78874db9f09,Plant Monthly Subscription Box,plant-monthly-subscription-box,$39.99,,"You can never have too many plants, which is why we are excited to now offer a plant subscription service! Our Pet Friendly Plant Subscription Box sends you an indoor plant chosen at random every month that is non-toxic to pets and kids! The plants in this subscription box will arrive in a 4"" diameter nursery pot.",1-pet-friendly-monthly-subscri1500893648,Plants,physical,In Stock (66),"https://static.wixstatic.com/media/9bae33_e60f59301acc47488e4912d0044ed51e~mv2.jpg/v1/fit/w_2000,h_2000,q_90/file.jpg",True,,https://viktord71.wixsite.com/goldie-c/product-page/plant-monthly-subscription-box
8a055202-19bf-43c7-b9fe-654a897d3fcf,Schefflera Moonlight 'Umbrella Plant',schefflera-moonlight-umbrella-plant,$33.00,,Botanical Name : schefflera arboricola Common Names : Dwarf umbrella tree Description : The Umbrella plant is the dwarf version of the larger schefflera acrinophylla native to Taiwan. This evergreen wields very slender stalks with oblong leaves arranged in a circular fashion at the end of each stem. This particular variegated variety will have splashes of washed out yellow on many of its leaves.,,Plants,physical,In Stock (27),"https://static.wixstatic.com/media/9bae33_15509e96bec040389c661b537132dfb1~mv2.jpg/v1/fit/w_500,h_500,q_90/file.jpg",True,,https://viktord71.wixsite.com/goldie-c/product-page/schefflera-moonlight-umbrella-plant
90307635-592a-45e2-bb02-ceeb5bb2f30b,Calathea Lancifolia 'Rattlesnake',calathea-lancifolia-rattlesnake,$24.00,,"Botanical Name : Calathea Lancifolia 'Rattlesnake' Common Names : Peacock Plant, Zebra Plant Description : This Calathea Lancifolia also commonly called the Rattlesnake comes with dark green leaves that have unique ripples. Like all Calathea plants, the leaves adjust as the sun rotates throughout the day. Calathea Plants, native to tropical South and Central America, Africa, and the West Indies, are grown primarily for their beautiful, brightly colored, upright, oval leaves.",,"Plants, Featured Items",physical,In Stock (174),"https://static.wixstatic.com/media/9bae33_aafee752487d402d90ccbd796dc7b120~mv2.jpg/v1/fit/w_1800,h_1800,q_90/file.jpg",True,,https://viktord71.wixsite.com/goldie-c/product-page/calathea-lancifolia-rattlesnake
432568c1-8cd6-4e73-b713-1d21de4f0a3f,ZZ Plant,zz-plant,$36.00,,"Botanical Name : Zamioculcas zamiifolia Common Names : ZZ plant Description : Zamioculcas Zamiifolia also known as the ZZ Plant adds to any interior space with its unique growth pattern. Its low water requirements and drought tolerance handle well in many environments. (dry and humid) The drought-tolerant ZZ plant is a wonderful addition to low-light situations in homes and offices, but all parts of this plant are poisonous. Keep it away from children and pets.",,Plants,physical,In Stock (376),"https://static.wixstatic.com/media/9bae33_2e3dfe8d1dac4ccdbfea4ec73341ab98~mv2.jpg/v1/fit/w_1800,h_1800,q_90/file.jpg",True,,https://viktord71.wixsite.com/goldie-c/product-page/zz-plant
3c65dde5-7112-4a87-93b4-9b131c135c56,Summer Shoulder Straw Tote,summer-shoulder-straw-tote,$36.00,,"Make your summer even more stylish with this trend-setting Summer Shoulder Straw Tote! Perfect for beach days and beyond, the light, durable design will help you bring fashion and function wherever you go. What are you waiting for? Get your summer style on today! Stylish and Practical This bag is not only fashionable, but also practical. The shoulder strap makes it easy to carry, while the straw material gives it a unique and trendy look. The spacious interior is perfect for carrying all your beach essentials, such as sunscreen, sunglasses, and a towel. Durable and High-Quality Made with high-quality materials, this bag is built to last. The straw material is sturdy and durable, ensuring that it will withstand the wear and tear of summer adventures. The interior is lined with a durable fabric to protect your belongings from sand and water. Versatile and Functional The Summer Shoulder Straw Tote is also versatile and functional. It can be worn as a shoulder bag or a handbag, making it perfect for any occasion. The neutral color and simple design make it easy to pair with any outfit, while the spacious interior allows you to carry everything you need for a day out. Don't miss out on this summer essential! Shop now and get your Summer Shoulder Straw Tote today. Specifications: Style: Bohemian Shape: Casual Tote Pattern Type: Knitting Main Material: Straw Lining Material: Polyester Hardness: SOFT Decoration: Hollow Out Closure Type: OPEN",,Bags,physical,In Stock (1194),"https://static.wixstatic.com/media/9bae33_37126f1f675f4a398cd7809e12f0d983~mv2.png/v1/fit/w_1000,h_1000,q_90/file.png",True,,https://viktord71.wixsite.com/goldie-c/product-page/summer-shoulder-straw-tote
580d7bce-771d-4d07-99e9-004d42567dab,"Daily Intentions, Connection, Reflection Jounal",daily-intentions-connection-reflection-jounal,$22.62,,"A space for daily intentions, connection and reflection! I have created this daily check in space combining my favorite things to focus on to get me out of my own way, connecting with my truth, celebrating my life daily, dreaming big and acknowledging myself instead of being hard on myself for what I have yet to do today, this week, this life. First page is example of how to use. All left (back sides) are straight lined pages. All right pages have the daily template. Use the lined pages for journaling, brainstorming, jotting down more want to-do's, time blocking, doodling or whatever feels best to you! INSIDE PAGES ARE THE SAME IN BOTH STYLES, THEY JUST HAVE DIFFERENT COVERS OPTIONS. 6x8inches 130 lined pages Heavy black or natural stock for front and back covers Metallic gold foil imprint Gold Wire Binding Lays Flat when opened Comes packaged in a clear sleeve. Fully Made in Southern California, USA",,Stationary2,physical,In Stock (786),"https://static.wixstatic.com/media/9bae33_4ed398c606a0406eaf69736bb43dd879~mv2.png/v1/fit/w_1600,h_2000,q_90/file.png",True,,https://viktord71.wixsite.com/goldie-c/product-page/daily-intentions-connection-reflection-jounal
11966365-1cb1-41c6-8bf8-adb70f66ad58,Plant in Oil Jigsaw Puzzle 500-Piece,plant-in-oil-jigsaw-puzzle-500-piece,$37.99,,"Plant in Oil Jigsaw Puzzle 500 pieces, are the perfect downtime activity for friends & family. This jigsaw puzzle is made with high-quality chipboard pieces and ships in a gift-ready box which also features the design for extra presentation points. - High-quality chipboard pieces - Beautiful art puzzle that deserves to be framed - Packaged in a gift-ready paper box - Glossy finish - Our jigsaw puzzles come in 16"" x 20"" - (500 pieces)",plant-in-oil-jigsaw-puzzle-500112070282,"Stationary2, housewarming",physical,In Stock (800),"https://static.wixstatic.com/media/9bae33_2db624b7893748bca34eb6e7b1c7018f~mv2.png/v1/fit/w_1000,h_1000,q_90/file.png",True,,https://viktord71.wixsite.com/goldie-c/product-page/plant-in-oil-jigsaw-puzzle-500-piece
6cf1857d-886f-40cf-8758-a44dbad25ae7,Flowers In The Field Jigsaw Puzzle 500-Piece,flowers-in-the-field-jigsaw-puzzle-500-piece,$37.99,,"Flowers In The Field Jigsaw Puzzle 500 pieces, are the perfect downtime activity for friends & family. This jigsaw puzzle is made with high-quality chipboard pieces and ships in a gift-ready box which also features the design for extra presentation points. - High-quality chipboard pieces - Beautiful art puzzle that deserves to be framed - Packaged in a gift-ready paper box - Glossy finish - Our jigsaw puzzles come in 16"" x 20"" - (500 pieces)",flowers-in-the-field-jigsaw-pu259770687,"Featured Items, Stationary2, housewarming",physical,In Stock (800),"https://static.wixstatic.com/media/9bae33_6428ddaf412d40efa5b1d4169cabad90~mv2.jpg/v1/fit/w_2048,h_2048,q_90/file.jpg",True,,https://viktord71.wixsite.com/goldie-c/product-page/flowers-in-the-field-jigsaw-puzzle-500-piece
4c9e1793-c7a5-4df1-9ab6-ee5fb4af8b6a,Straw Shoulder Bucket Bag with Vegan Leather Handle,straw-shoulder-bucket-bag-with-vegan-leather-handle,$36.99,,"Trendy Summer Straw Bucket Bag. Made with top quality wicker straw with Vegan Leather Details Straw Bucket Bag by Coseey. This Trendy stylish Straw Shoulder Bag is perfect for your everyday use. Made with wicker straw and vegan leather for a perfect summer street fashion look. Material: Straw Color Available: Black, Brown Dimension: Top Width : 10 ” Bottom Width : 8 ” Height : 7 ” Depth : 5 ” Strap : 49 ”",,"Featured Items, Bags",physical,In Stock (100),"https://static.wixstatic.com/media/9bae33_949dc82236b14757beb3c2b3813846b2~mv2.jpg/v1/fit/w_1248,h_1281,q_90/file.jpg",True,,https://viktord71.wixsite.com/goldie-c/product-page/straw-shoulder-bucket-bag-with-vegan-leather-handle
82fe6eb0-47eb-4bca-9d22-a8b1cb143c15,Spiced Ginger,spiced-ginger,$22.00,,"Experience rich, beautifully scented notes of lemon, orange, ginger, and sugar. Crafted from a blend of soy and coconut wax, each candle is housed in a reusable glass jar, complete with a cotton wick, providing a slow burn that emits no soot or smoke.",spiced-ginger109880136,"Candles, New Candles",physical,Out of Stock,"https://static.wixstatic.com/media/9bae33_f84a0bafae32464fbb7b0cad697c2f62~mv2.jpg/v1/fit/w_2048,h_2048,q_90/file.jpg",True,,https://viktord71.wixsite.com/goldie-c/product-page/spiced-ginger
890c2ef7-2ddc-461d-91c6-5e63c0fda0e6,Apricot Orchard,apricot-orchard,$30.00,,"Experience rich, beautifully scented notes of pear, nectarine, apricot, and jasmine. Crafted from a blend of soy and coconut wax, each candle is housed in a reusable glass jar, complete with a cotton wick, providing a slow burn that emits no soot or smoke. 13.5OZ Candle",apricot-orchard604785705,"Candles, Featured Items, New Candles",physical,Out of Stock,"https://static.wixstatic.com/media/9bae33_b2033a1bcba74864a2c9f368b82624f3~mv2.jpg/v1/fit/w_2048,h_2048,q_90/file.jpg",True,13.5OZ Candle,https://viktord71.wixsite.com/goldie-c/product-page/apricot-orchard
bb64214d-2a08-4235-8666-cbb68fb3d2be,Citrus Burst,citrus-burst,$22.00,,"Experience rich, beautifully scented notes of mandarin, lemon, pineapple, and grass. Crafted from a blend of soy and coconut wax, each candle is housed in a reusable glass jar, complete with a cotton wick, providing a slow burn that emits no soot or smoke.",citrus-burst8871629,"Featured Items, Candles, New Candles",physical,Out of Stock,"https://static.wixstatic.com/media/9bae33_8976927ef4514ae98bfdaecb661b5199~mv2.jpg/v1/fit/w_2048,h_2048,q_90/file.jpg",True,,https://viktord71.wixsite.com/goldie-c/product-page/citrus-burst
c59e9805-5c14-4781-bd42-4259242cccde,Lilac Flowers,lilac-flowers,$22.00,,"Experience the pure essence of nature's bounty as rich, beautifully scented notes of fresh green leaves, delicate lilac, and enchanting lily of the valley dance harmoniously in the air. A Symphony of Aromas: Let your senses wander through a garden of delights with each delicate inhalation. The green leaves evoke the tranquility of a lush forest, while lilac whispers tales of timeless elegance. The lily of the valley, with its subtle sweetness, adds a touch of enchantment, creating a symphony of aromas that captivate the soul. Crafted for Excellence: Our scented candle is meticulously handcrafted from a harmonious blend of soy and coconut wax, ensuring a clean and eco-conscious burn. Nestled within a reusable glass jar, this candle is a testament to our commitment to sustainability and style. The cotton wick, thoughtfully chosen, offers a slow and steady burn that releases no soot or smoke, allowing you to revel in the fragrance without compromise. Elevate your ambiance with the soothing glow and captivating scent of our scented candle. Whether it's a serene moment of solitude, an intimate gathering, or a lavish gift to a loved one, our candle promises an unparalleled sensory experience. Embrace the magic of fragrance and light, and let nature's symphony inspire your space.",lilac-flowers583131263,"Candles, Featured Items, New Candles",physical,Out of Stock,"https://static.wixstatic.com/media/9bae33_80edfd725fb34923a23a2fa0ecab1729~mv2.jpg/v1/fit/w_2048,h_2048,q_90/file.jpg",True,,https://viktord71.wixsite.com/goldie-c/product-page/lilac-flowers
38a8212d-0634-45a2-9113-dc3ea7ce67af,Casual Mini Oval Straw Crossbody Bag,casual-mini-oval-straw-crossbody-bag,$36.30,,"Elevate your summer fashion game with the Oval Straw Crossbody Bag by Coseey. Crafted from natural wicker straw, this small yet charming bag brings a touch of laid-back elegance to your seasonal wardrobe. Dimensions: Strap Length: 47 inches Bottom Width: 8 inches Height: 6 inches Depth: 1 inch Material: Wicker Straw Color: Khaki Whether you're strolling down the beach boardwalk or exploring the city streets, this crossbody bag is the perfect companion for your summer adventures. Its oval shape adds a playful twist, while the earthy khaki color effortlessly complements any outfit. Designed for both style and practicality, the bag features a comfortable crossbody strap that keeps your hands free while you soak in the sun. With ample space to carry your essentials, its dimensions are carefully crafted to accommodate your belongings without compromising on style. Embrace the carefree spirit of summer with the Oval Straw Crossbody Bag by Coseey. Elevate your warm-weather outfits, express your unique sense of fashion, and experience the convenience of a hands-free accessory that doesn't skimp on style. Add a touch of natural elegance to your summer ensemble and make a statement wherever you go.",casual-mini-oval-straw-crossbo1076478304,Featured Items,physical,In Stock (90),"https://static.wixstatic.com/media/9bae33_c6857856a54c4e648febf6fc02e32d0b~mv2.jpg/v1/fit/w_1200,h_1395,q_90/file.jpg",True,,https://viktord71.wixsite.com/goldie-c/product-page/casual-mini-oval-straw-crossbody-bag
addfeb22-4875-4eb9-a145-3a044687f149,Pothos 'Silver Splash',pothos-silver-splash,$35.99,,"Uncover the enchanting world of the Epipremnum aureum, a botanical marvel that goes by many names – Large-Leaf Pothos Picta, Silver Pothos, and Silver Splash Pothos. Native to the lush landscapes of Thailand and the Philippines, this treasure brings a touch of silver elegance to your indoor oasis. Resembling the Scindapsus pictus var. 'Argyreus,' the Silver Splash Pothos offers a unique twist with its wider expanse of shimmering silver splashes across each leaf. Holding it up to the light reveals a captivating satin-like shimmer that elevates its beauty to new heights. This slow-growing vine, a proud member of the Araceae family, is an exotic gem that deserves a spotlight in your botanical collection. While not as ubiquitous as Pothos, it thrives in normal household environments, adapting with ease to its surroundings. Its desire for a touch more humidity reminds us of its tropical heritage – a slight pampering that pays off in lush, vibrant foliage. Unveil the charm of its rounded-heart-shaped leaves, each delicately curving to one side at the tip. With time, this remarkable vine extends its tendrils, transforming into a cascade of green and silver that can stretch for several feet. Embrace its full color potential by bathing it in bright, indirect light, while also knowing it can gracefully flourish in shadier corners. Embrace the allure of the Silver Splash Pothos and create an atmosphere that marries sophistication with nature's artistry. Elevate your interior spaces, unveil a hidden gem to plant enthusiasts, or gift someone a touch of elegance. Experience the beauty of nature's shimmering masterpiece, where leaves tell stories of distant lands and timeless beauty.",,Plants,physical,In Stock (49),"https://static.wixstatic.com/media/9bae33_dbaaa6d9d367474da8218d9e22083cc1~mv2.jpg/v1/fit/w_1800,h_1800,q_90/file.jpg",True,,https://viktord71.wixsite.com/goldie-c/product-page/pothos-silver-splash
5dd34545-427f-428d-8b38-53c91b692d25,Money Tree,money-tree,$37.77,,"Unlock the allure of the Pachira aquatica, affectionately known as the Guiana Chestnut or Money Tree, and embrace a symbol of wealth, positivity, and natural elegance. Native to the lush landscapes of central and South America, this remarkable tree promises to transform your space into a sanctuary of prosperity. Standing as a living work of art, the Money Tree boasts an intricate braided trunk that captures the eye and the imagination. Indoors, it reaches a majestic height of 6 to 8 feet, becoming a statement piece that complements any interior design. Alternatively, it can be meticulously trained as a bonsai, infusing an air of ancient artistry into your living environment. Harness the ancient wisdom of Feng Shui as you invite the Money Tree into your home. In East Asia, this enchanting plant is revered for its ability to channel positive ""Chi"" or energy into any room, making it an auspicious and thoughtful housewarming gift. Elevate your space with the harmonious energies that the Money Tree radiates. As a testament to its resilience, the Money Tree is a robust and hardy companion, requiring minimal upkeep. It boasts the ability to withstand direct sunlight, but it thrives in bright indirect light, making it adaptable to various lighting conditions. Its thirst for water mirrors its growth potential – plentiful and abundant. Keep the soil consistently moist, and this lush beauty will flourish. Transform your surroundings into a haven of abundance and positivity with the Money Tree by your side. Whether you seek a powerful symbol of prosperity, an elegant focal point, or a meaningful gift that carries well-wishes, the Money Tree stands ready to enrich your life. Cultivate wealth and wellness effortlessly with this enduring plant that thrives on your care and embraces your space with its enduring grace.",staghorn-fern-in-4-pot1003115087,Plants,physical,Out of Stock,"https://static.wixstatic.com/media/9bae33_01f045431e43469182695f9785718802~mv2.jpg/v1/fit/w_1800,h_1800,q_90/file.jpg",True,,https://viktord71.wixsite.com/goldie-c/product-page/money-tree
5a4a9393-6fe4-4a8f-8a22-4ff79a13d3d1,Philodendron Monstera Split-Leaf,philodendron-monstera-split-leaf,$51.50,,"Choose between 4 different potting options! Embrace modern sophistication with the sleek black or white ceramic cylinder, Infuse rustic authenticity into your plant arrangement with the terracotta pot or select the standard nursery pot to replant at home! Transport yourself to the lush landscapes of Central and South America with the iconic Monstera plant, scientifically known as Philodendron Monstera deliciosa. This botanical treasure brings the untamed beauty of tropical forests right into your living space. Embrace the allure of glossy, heart-shaped leaves that evolve into captivating masterpieces as they mature. The journey of each leaf is a testament to nature's creativity, unfolding unique splits and perforations that make every Monstera a one-of-a-kind work of art. Indulge in the wonder of a climbing, evergreen perennial vine that transforms any environment into a vibrant sanctuary. The Monstera's distinctive leaves, adorned with mesmerizing perforations, rest upon sturdy plant stems, creating a striking contrast that draws the eye. One of the Monstera's most remarkable features is its long, cord-like aerial roots – a testament to its resilience and adaptability. These roots not only serve as anchors but also enhance the plant's character, adding to the overall visual appeal. Native to tropical forests, the Philodendron Monstera deliciosa thrives in spaces where it can bask in bright, indirect light. Its maintenance is a joy, making it an ideal companion for both seasoned plant enthusiasts and newcomers alike. Allow the soil to dry moderately between watering sessions to keep this beauty flourishing. Invite the spirit of untamed elegance into your home, office, or any space yearning for a touch of the exotic. Elevate your interior aesthetics, surprise a friend with a gift of greenery, or create a botanical haven that echoes the beauty of nature's handiwork. Explore the world of Monstera now and experience the tropical splendor firsthand!",,"Plants, housewarming",physical,In Stock (319),"https://static.wixstatic.com/media/9bae33_844407bbb484482c9b5f0c20b0c1e55e~mv2.jpg/v1/fit/w_1800,h_1800,q_90/file.jpg",True,The Perfect Gift!,https://viktord71.wixsite.com/goldie-c/product-page/philodendron-monstera-split-leaf
5f89e62c-fde0-4c05-a180-12abe449f1dc,Staghorn 'Birds Nest' Fern,staghorn-birds-nest-fern,$18.30,,,staghorn-fern-in-4-pot-1880947183,"Featured Items, Plants",physical,Out of Stock,"https://static.wixstatic.com/media/9bae33_90a8757994744c5ba5efa8185ccf07c3~mv2.jpg/v1/fit/w_1800,h_1800,q_90/file.jpg",True,,https://viktord71.wixsite.com/goldie-c/product-page/staghorn-birds-nest-fern
56ad72d0-bd9d-4041-bc47-ff05bee4f00f,Handheld Stainless Steel Milk Frother,handheld-stainless-steel-milk-frother,$16.25,,"Features: Foams all kinds of milk, cappuccinos, lattes, espressos, or hot chocolate in seconds. Powerful motor creates smooth and delicate whipped cream you always wanted. Food grade stainless steel shaft and whip, ABS plastic body. Can be used for both cold and hot milk. Also can be used to whisk eggs, soups, sauces and other non-solid food item. Handheld size, 2*AA battery operated milk frother (not included). Easy to operate and clean. Specification: Type :Milk Frother Material :Stainless steel, ABS Quantity :1pcs Item Color: Silver Battery: 2*AA battery, not included Size: 3.6*2.5*20cm / 1.4*1*7.9"" Net Weight: 0.043kg / 1.5oz Package: 1*Milk Frother Cannot ship to PO boxes.",1668957972953753,"Cocktails & Tea, Cocktail Drink, Cocktail, housewarming",physical,In Stock (988),"https://static.wixstatic.com/media/9bae33_ce56301a7ddb4707a87be9928f371871~mv2.jpg/v1/fit/w_1600,h_1600,q_90/file.jpg",True,,https://viktord71.wixsite.com/goldie-c/product-page/handheld-stainless-steel-milk-frother
c8dd48a9-600c-4761-a90c-29fbc26bd552,Horizontal Wine Tote,horizontal-wine-tote,$36.00,,"No need for gift wrap, this wine bag holds one bottle of wine for a beautiful presentation. Made of heavyweight cotton canvas, this bag comes with a leather closure to keep the bottle secure and from clanking. This bag makes great for monogramming. Works beautifully for host gifts, corporate events, and celebrations.",horizontal-wine-tote-leather-c1133875980,"Bags, housewarming",physical,In Stock (100),"https://static.wixstatic.com/media/9bae33_2c890d7083384d5e852ba208bcd2c3e0~mv2.jpg/v1/fit/w_750,h_750,q_90/file.jpg",True,,https://viktord71.wixsite.com/goldie-c/product-page/horizontal-wine-tote
976150c1-a9af-4e5d-9cb6-1b3ef4d4f94a,Single Malt Stretch Cocktail Kit,single-malt-stretch-cocktail-kit,$33.00,,"Cocktail Kit includes: one rocks glass one bar spoon three cocktail bar picks simple syrup apple almond extract almond syrup pears pear syrup Makes up to three cocktails. Suggested spirits: single malt scotch, sherry, brandy Paper instructions are included in each kit. QR code is also included to access to online instructions and nutrition information.",copy-of-melange-jolie-single-m57638082,"Cocktail, Stacey's Favs, Cocktail Drink, Cocktails & Tea, Featured Items",physical,In Stock (100),"https://static.wixstatic.com/media/9bae33_7491b02365d2433bb93d883c7045e859~mv2.png/v1/fit/w_1200,h_1200,q_90/file.png",True,,https://viktord71.wixsite.com/goldie-c/product-page/single-malt-stretch-cocktail-kit
30a721cd-5fd1-45cc-9a10-e21a80b8d6a0,Spiced Sangria Cocktail Kit,spiced-sangria-cocktail-sipkit,$33.00,,"This blend of spices and winter fruit make our spiced sangria cocktail a fun twist on your classic Spanish red sangria. We use one of our house-made simple syrups that is infused with warm winter spices, like cinnamon, cloves, and anise. (Please note that this kit requires some infusion prior to serving). Each cocktail contains: one metal tumbler one bar spoon three cocktail bar picks dehydrated Fuji apple slices dehydrated orange slices dehydrated mango cubes whole cloves cardamom pods cinnamon sticks anise Makes up to three cocktails. Suggested spirits: brandy, red wine, triple sec The cocktail cocktail contains no alcohol. Paper instructions are included in the box. QR code also available for access to online instructions and nutrition information.",copy-of-melange-jolie-spiced-s878063113,"Cocktail, Featured Items",physical,In Stock (100),"https://static.wixstatic.com/media/9bae33_d828518119a44eba923e9579635f9306~mv2.png/v1/fit/w_1200,h_1200,q_90/file.png",True,,https://viktord71.wixsite.com/goldie-c/product-page/spiced-sangria-cocktail-sipkit
5290bbfc-bcb9-4e2f-9b73-fa5be48da329,Citrus Cosmopolitan Cocktail Kit,citrus-cosmopolitan-cocktail-sipkit,$33.00,,"Yes, we made a cosmopolitan with grapefruit, lime, allspice, and other fun things. You add two rums. Why? No particular reason. This Cocktail Kit contains the following: one martini glass one bar spoon three cocktail bar sticks dehydrated lime lime juice demerara simple syrup dehydrated grapefruit grapefruit juice allspice syrup mint Makes approximately three cocktails. Suggested spirits: rum, black rum Paper instructions are included in the Cocktail Kit. QR code is located on the box linking you to online instructions and nutrition information.",copy-of-melange-jolie-citrus-c1195980982,"Cocktail, Cocktail Drink, Cocktails & Tea, Featured Items",physical,In Stock (100),"https://static.wixstatic.com/media/9bae33_4a347d2f63344fc392f1a95c6527226e~mv2.png/v1/fit/w_1200,h_1200,q_90/file.png",True,Martini Glass Included!,https://viktord71.wixsite.com/goldie-c/product-page/citrus-cosmopolitan-cocktail-sipkit
73482819-daa9-10c6-a849-bf1e1f0b685b,Botanical Garnish Kit,botanical-garnish-kit,$34.00,,"Step your at home cocktail game up! Goldie & Celeste's Botanical Cocktail Garnish kits are designed to give you the ingredients you need to create and decorate cocktails with a high end botanical twist. You can use all these ingredients in all around the kitchen, no need to stop at cocktails! Volume 1 includes: Floralfetti Edible Sprinkles Vanilla Bean Sugar Rim Hibiscus Salt Rim Herbal Infused Sugar Cubes (Choose between rose & lavender!) Dehydrated Citrus Wheels",,"Celeste Collection, Kitchen, A Bit Of Whimsy, Cocktail, Shop Handcrafted Items, Stacey's Favs, Goldie Collection, Tea, Cocktail Drink",physical,Out of Stock,"https://static.wixstatic.com/media/9bae33_d5c93f3c8ce24ad68668e34f64fa8c37~mv2.png/v1/fit/w_2400,h_2597,q_90/file.png",True,,https://viktord71.wixsite.com/goldie-c/product-page/botanical-garnish-kit
6aadc46b-ce3a-5d79-3507-2f010b1e5a92,Preserved Floral Ceramic Ring Bowls,preserved-floral-ceramic-ring-bowls,$18.00,,"Handmade ceramic ring bowls preserved with real preserved flowers. These are one of a kind so, no two are a alike. Perfect for rings, jewlery and small nicknacks! A great gift! These ring bowls feature real pressed flowers, rippling and texture is normal. Not for food use. Not microwavable or dishwashersafe. Bowls are 2.75 in diameter.",,"Everything With Intention, Shop Handcrafted Items, Home, Featured Items",physical,Out of Stock,"https://static.wixstatic.com/media/9bae33_7ddb225a35f74750b8802e21fba27c22~mv2.jpg/v1/fit/w_2072,h_2072,q_90/file.jpg",True,Handmade!,https://viktord71.wixsite.com/goldie-c/product-page/preserved-floral-ceramic-ring-bowls
40ec96b4-7ccd-41aa-b26f-9253aea1c5a7,Pilea Peperomioides 'Chinese Money' on Wood,pilea-peperomioides-chinese-money-on-wood,$44.77,,"Botanical Name : Pilea peperomioides Common Names : Chinese money plant, Friendship plant Description : Each of its lily pad like leaves float on dainty looking stems that will bob around independently in a gentle breeze. Towards the upper part of every single leaf will be a white, or lighter shade of green, dot where the stem meets the leaf and holds it in place.",pilea-peperomioides-chinese-mo602163613,Plants,physical,In Stock (9),"https://static.wixstatic.com/media/9bae33_2132619194a24b2abacd38353a7c85ec~mv2.jpg/v1/fit/w_1800,h_1800,q_90/file.jpg",True,,https://viktord71.wixsite.com/goldie-c/product-page/pilea-peperomioides-chinese-money-on-wood
1edac6d6-9202-dbad-def2-f2ec64e7d80f,Tea Blend Kit,tea-blend-kit,$28.00,,"Tea Blend Kit includes your choice of an artisanal small batch loose leaf tea blend, honey and a glass mug with infuser and lid. Goldie & Celeste tea blends are hand crafted in small batches to ensure the perfect balance of delicate flavors. Each blend was crafted in celebration and reverence of each ingredient. This kit is perfect for gifting. Glass Mug with Porcelain Infuser and Lid This beautiful glass mug with loose tea mug with porcelain infuser and lid is perfect for an easy brewing experience right in your mug. The porcelain ifuser gives room for leaf teas to beautilly unfurl and allow you to experience the full body of full flavor & aroma. 7 ounces of a small batch Golide & Celeste Tea Blend Oolong Ginger Rose : oolong, rose, rose hips lemongrass & candied ginger Honey Lavender Sage : white tea, lavender, lemon balm, sage, powdered honey Cherry Hibiscus Green : Sencha green tea, hibiscus, organic dehydrated cherry, rosehip Lemon Chamomile Mint : dehydrated lemon, chamomile, mint, calendula, red raspberry leaf A 1 ounce jar of honey Perfect fo an on-the-go cup of tea! Curious about oolong tea? Check out this Well+Good article",,Shop Handcrafted Items,physical,Out of Stock,"https://static.wixstatic.com/media/9bae33_82bea649de774faeb24ed73a81ccfe42~mv2.png/v1/fit/w_1080,h_1080,q_90/file.png",True,,https://viktord71.wixsite.com/goldie-c/product-page/tea-blend-kit
b1b32ee2-dd75-4de4-bb42-2d01c01a2892,Goldie & Celeste Mug,goldie-celeste-mug,$11.00,,"Whether you're drinking your morning coffee, evening tea, or something in between – this mug's for you! It's sturdy and glossy with a vivid print that'll withstand the microwave and dishwasher. • Ceramic • Dishwasher and microwave safe • White and glossy",,"Kitchen, Cocktails & Tea",physical,In Stock,"https://static.wixstatic.com/media/9bae33_be40c1b753b04c86bccac7b4995959fb~mv2.jpg/v1/fit/w_1000,h_1000,q_90/file.jpg",True,,https://viktord71.wixsite.com/goldie-c/product-page/goldie-celeste-mug
90b7163e-739a-25a9-b868-b7f3b4c85bcb,Custom Botanical Bath Blend,custom-botanical-bath-blend,$27.00,,"Elevate and personalize your bathing experience with a custom batch of luxury bath salts. Order your own personalized botanically based bath soak handcrafted just for you. Let's get personal! Choose your Essential Oils, All Natural Dried Botanicals & Optional Additional Nutrients/Ingredients. 20oz Choose a 100% Pure Organic Essential Oil Eucalyptus: Mental clarity & anti-inflammatory Frankincense: Soft skin, grounding & spiritual connectedness Lavender: Restful sleep, mood improvement, soothes sun-damaged skin Lemongrass: Clarifying, mental cleansing Moroccan Rosemary: Cleansing and clarifying, invigoration, reduces appearance of water retention Sweet Orange: Uplifting, calming Peppermint: Energizing, stimulating, revitalizing Citrus Blend: Uplifting & Cheering and energizing, clears the mind, balancing Ylang Ylang: Sensual, relaxing and soothing, hydrating, tension and stress relief Basil: Enhance mood, increase alertness, and soothe muscle aches Cedarwood: Calming, stress relief, restful sleep, circulatory system and clear airways Vanilla: Relaxation, calming, mood improvement Geranium: Relaxation, calming, mood improvement Clary Sage: Relaxation, calming, stress relief, warming Bergamot: Relaxation, creativity & mind clearing Copaiba Balsam: Hydration, clear airways, mental awareness Cinnamon Leaf: Revitalizing and refreshing, warming Choose a Dried Botanical Lavender Roman Chamomile Rose Lemon Balm Calendula Optional Additions Large Crystal Himalayan Pink Salt: pH balancing, skin hydration, reduce muscle cramps (+$3.00) Vitamin E: a natural antioxidant with reconditioning & softening properties (+$4.00) CBD: anti-inflammatory, relieve pain, tension, and stress (+$7.00) Bath Soak Base Ingredients Epsom Salt: Ease stress, relaxing, flush toxins, relieve muscle aches & pains Grapeseed Oil* (*If you would prefer to substitite with Olive Oil please denote this preference in one of the 'Bonus!' options)",,"Shop Handcrafted Items, Featured Items, Body",physical,In Stock,"https://static.wixstatic.com/media/9bae33_b5a8db6fa97c43d78636ac9171e17dff~mv2.png/v1/fit/w_1280,h_720,q_90/file.png",True,Custom Batch!,https://viktord71.wixsite.com/goldie-c/product-page/custom-botanical-bath-blend
3136ff22-da98-c555-2b7e-8e5fa61791e2,18 oz Glass Water Bottle w/Silicone Sleeve,18-oz-glass-water-bottle-w-silicone-sleeve,$19.00,,"Mixed glass and bamboo materials make for a stylish drink bottle. Glass bottle provides a purer drinking experience. Extra-thick glass is clean tasting and odor-free. Screw top lid with built-in, adjustable stainless steel carry loop for on-the-go use. Wide-mouth opening is ideal for adding ice cubes to your drink. Silicone sleeve protects your bottle and acts as a grip when drinking. Body is dishwasher safe (top rack), hand wash lid and silicone sleeve. Complies with Prop 65. Add to Cart",BKR,"Shop Handcrafted Items, Featured Items, Kitchen, Cocktails & Tea",physical,In Stock (14),"https://static.wixstatic.com/media/9bae33_be01373b01c148c49c3bd5b895340ce9~mv2.jpg/v1/fit/w_2878,h_2925,q_90/file.jpg",True,,https://viktord71.wixsite.com/goldie-c/product-page/18-oz-glass-water-bottle-w-silicone-sleeve
807c49d8-3a38-a10f-cbcd-8ce2d9d8a299,Self Love Herbal Bath Soak,self-love-herbal-bath-soak,$30.00,,"Goldies and Celeste's Self Love Herbal Bath Soak contains salts, herbs and essential oils traditionally known for their balancing and healing qualities emotionally, physically and mentally to honour the goddess within. DYK: The skin is our largest organ! Transdermal (through thr skin) absorption is a very effective way of replenishing the minerals our bodies may be lacking and is truly a renewing and therapeutic experience for mind & body. The replenishing nutrients stimulate circulation, relax the body, detoxify and soothe sore muscles. 10 oz of bath soak in a resuable glass container. This blend was mixed in a special limited edition batch and may not return to the store again! This handmade soak contains: Epsom Salt, Himalayan Pink Salt, Dead Sea Salt Rose – Sedative, anti-depressant, aphrodisiac, blood tonic, menstrual regulator Sage – Hormonal balancer, calming, space clearing Lavender – Anti-spasmodic, anti-depressant Passionflower – Sedative, tranquillising, anti-spasmodic, pain relief Ashwandaga – Reduces stress and promotes relaxation Patchouli – Anti-depressant, tonic Ylang Ylang – Anti-depressant, aphrodisiac, sedative Clary Sage – Anti-depressant, anti-spasmodic, euphoric, uterine and nerve tonic Rosewood – Anti-depressant, aphrodisiac",032020SL,"Shop Handcrafted Items, Featured Items, Body",physical,In Stock (2),"https://static.wixstatic.com/media/9bae33_2537d681fc7b479cae39950bb2dcc73e~mv2.png/v1/fit/w_1280,h_720,q_90/file.png",True,Limited Batch,https://viktord71.wixsite.com/goldie-c/product-page/self-love-herbal-bath-soak
7e8352c8-a33d-c6a1-9e6d-280a5503ae77,Cleanse Herbal Bath Soak,cleanse-herbal-bath-soak,$16.00,,"Goldies and Celeste's Cleanse Herbal Bath Soak contains salts, herbs and essential oils traditionally known for their ability to stimulate circulation, the immune system and detoxing the body. DYK: The skin is our largest organ! Transdermal (through thr skin) absorption is a very effective way of replenishing the minerals our bodies may be lacking and is truly a renewing and therapeutic experience for mind & body. The replenishing nutrients stimulate circulation, relax the body, detoxify and soothe sore muscles. 10 oz of bath soak in a resuable glass container. This handmade soak contains: Epsom Salt, Himalayan Pink Salt, Dead Sea Salt Rosemary – Liver detoxification, circulation stimulant Calendula – Blood purifier, tonic Ginger – Circulation stimulant, anti-inflammatory, anti-oxidant Alfalfa – Full of essential vitamins, minerals & nutrients Geranium – Decreases fluid retention, tonic Sandalwood – Anti viral Patchouli – Blood cleanser, tonic Lemon – Tonic, anti-microbial, uplifting",032020CL,"Shop Handcrafted Items, Body",physical,In Stock (5),"https://static.wixstatic.com/media/9bae33_7f4d3a8cd3f141588bc87cea6d53f965~mv2.png/v1/fit/w_1280,h_720,q_90/file.png",True,,https://viktord71.wixsite.com/goldie-c/product-page/cleanse-herbal-bath-soak
c94c7647-6080-81ce-9f55-fb31f55ccc41,Release Herbal Bath Soak,release-herbal-bath-soak,$15.00,,"Show your muscles some love! Goldie and Celeste's Release Herbal Bath Soak contains salts, herbs and essential oils traditionally known for their inflammation and pain management properties. DYK: The skin is our largest organ! Transdermal (through thr skin) absorption is a very effective way of replenishing the minerals our bodies may be lacking and is truly a renewing and therapeutic experience for mind & body. The replenishing nutrients in Goldie and Celeste's Release Herbal Bath Soak stimulate circulation, relax the body, detoxify and soothe sore muscles. 6 oz of bath soak in a resuable glass container. This handmade soak contains: Epsom Salt, Himalayan Pink Salt, Dead Sea Salt Eucalyptus – Pain relief, anti-inflammatory, anti-viral, anti-spasmodic St John’s Wort – Anti-inflammatory, anti-spasmodic, pain relief Gotu Kola – Connective tissue repair, anti-inflammatory Calendula -Anti-inflammatory, anti-spasmodic, local tissue healer Arnica – Circulation stimulant, anti-inflammatory, tonic White Willow – Pain relief, anti-inflammatory Winter Green – Anti-spasmodic, anti-inflammatory, pain relief, anti-rheumatic Majoram – Anti-inflammatory, pain relief Basil – Pain relief Lavender – Anti-spasmodic Full Spectrum Hemp oil- Eases muscles and reduces inflammation",032020RS,"Shop Handcrafted Items, Body",physical,In Stock (4),"https://static.wixstatic.com/media/9bae33_062a30df638b4d67b587cd179c9edbfb~mv2.png/v1/fit/w_1280,h_720,q_90/file.png",True,,https://viktord71.wixsite.com/goldie-c/product-page/release-herbal-bath-soak
20f72810-d1e1-bf49-1aa9-2858eadfec9f,Relax Herbal Bath Soak,decompress,$18.00,,"Relieve stress and take a moment to relax in a luxurious healing salt based bath soak. Goldie and Celeste's Relax Herbal Bath Soak is a blend of ethically sourced natural salts, herbs and essential oils traditionally known for their calming and healing properties. 8 oz of bath soak in a resuable glass container. This handmade soak contains: Lavender – Calming, anti-depressant Passionflower – Relax the mind and body, sedative Californian Poppy – Sedative, tranquillising, muscle relaxant Chamomile – Calms anxiety and stress Bergamot – Relaxant Lavender – Calms to bring one back to feeling Roman Chamomile – Anti-depressant, sedative Moroccan Chamomile – Anti-depressant, euphoric, sedative Full Spectrum Hemp oil- Eases muscles and reduces inflammation",032020RX,"Shop Handcrafted Items, Featured Items, Body",physical,In Stock,"https://static.wixstatic.com/media/9bae33_c1d05357accc4375a906473cf3387420~mv2.png/v1/fit/w_1280,h_720,q_90/file.png",True,Best Seller,https://viktord71.wixsite.com/goldie-c/product-page/decompress
777201ab-12e9-4309-8fda-147150a55906,Muscle Relief Body Balm,relief-body-balm,$35.00,,"Allow the anti-inflammatory benefits of Cayenne, Turmeric & Ginger to ease your sore muscles and reduce pain in this warming salve. Olive Oil, Beeswax, Vitamin E, Cayenne, Turmeric, Ginger, CBD, Essential Oils of: Sweet Orange, Lavender, Bergamot, Chamomile.",,"Shop Handcrafted Items, Featured Items, Body",physical,Out of Stock,"https://static.wixstatic.com/media/9bae33_3e59b77dcc9949658f2ca03f4b30d7f2~mv2.jpg/v1/fit/w_2526,h_2809,q_90/file.jpg",True,All Natural,https://viktord71.wixsite.com/goldie-c/product-page/relief-body-balm
